I-74 NB from Ave of the Cities t,41.493539,-90.505899
I-74 NB from 12th Ave to 7th Ave,41.501697,-90.508085
I-74 NB from 7th Ave to 4th Ave,41.508559,-90.509577
I-74 NB from 4th Ave to 1st Ave,41.511327,-90.512264
I-74 NB from 1st Ave to Toll Pla,41.514772,-90.512868
I-74 NB from Toll Plaza to South,41.517076,-90.513071
I-74 NB from South Tower to Nort,41.518786,-90.512854
I-74 NB from North Tower to Isle,41.520668,-90.513062
I-74 NB from Isle Park to Holmes,41.5241,-90.513294
I-74 NB from Lincoln to Middle,41.543663,-90.518319
I-74 NB from Spruce Hills to Cro,41.559345,-90.522069
I-74 NB from Middle to Spruce Hi,41.551497,-90.521562
I-74 SB from 46th to Kimberly,41.560067,-90.522819
I-74 NB from Crow Creek to 53rd,41.571016,-90.521794
I-74 SB from 53rd to 46th,41.570944,-90.522576
I-74 SB from Kimberly to Middle,41.550959,-90.521462
I-74 SB from Middle to Lincoln,41.543205,-90.518205
I-74 SB from Holmes to Isle Park,41.523522,-90.513692
I-74 SB from Isle Parkway to Nor,41.520642,-90.513461
I-74 SB from North Tower to Sout,41.518611,-90.513418
I-74 SB from South Tower to Toll,41.51708,-90.513256
I-74 SB from Toll Plaza to 1st A,41.514658,-90.513005
I-74 SB from 1st Ave to 4th Ave,41.51128,-90.512366
I-74 SB from 4th Ave to 7th Ave,41.5085,-90.509598
I-74 SB from 7th Ave to 12th Ave,41.502147,-90.508516
I-74 SB from 12th Ave to Ave of ,41.4944,-90.506575
I-74 NB from Holmes to Lincoln,41.53271,-90.515247
I-74 SB from Lincoln to Holmes,41.535161,-90.516178
QCDS-19-WB,41.604551,-90.724713
QCDS-20-WB,41.603903,-90.685631
QCDS-21-WB Ramp,41.602607,-90.67791
QCDS-22-WB,41.600053,-90.618934
QCDS-20-WB Ramp,41.603837,-90.685559
QCDS-23-WB,41.596372,-90.570402
QCDS-23-EB,41.596139,-90.570439
QCDS-22-EB,41.599798,-90.618902
QCDS-20-EB,41.603635,-90.685627
QCDS-19-EB,41.604337,-90.72473
QCDS-24-EB,0.0,0.0
QCDS-24-EB,0.0,0.0
QCDS-25-EB,41.491419,-90.64944
QCDS-25-WB,41.491718,-90.649413
DMTT05-EB,0.0,0.0
DMTT05-WB,0.0,0.0
I-74 SB from 4th Ave to 7th Ave ,41.508449,-90.509781
 I-74 NB from 7th Ave to 4th Ave,41.508608,-90.509498
I-74 SB from 1st Ave to 4th Ave ,41.511233,-90.51254
IWZ3546-WB                      ,41.696232,0.0
IWZ3546-EB                      ,41.695577,0.0
IWZ3553-WB                      ,41.693324,0.0
IWZ3553-EB                      ,41.69276,0.0
IWZ3545-EB                      ,41.695758,0.0
IWZ3545-WB                      ,41.696378,0.0
IWZ3551-WB                      ,41.696173,0.0
IWZ3551-EB                      ,41.695649,0.0
IWZ3080-NB                      ,41.590319,0.0
IWZ3080-SB                      ,41.590191,0.0
IWZ3068-WB                      ,41.597199,0.0
IWZ3068-EB                      ,41.596528,0.0
IWZ3076-EB                      ,41.596027,0.0
IWZ3076-WB                      ,0.0,0.0
IWZ3077-WB                      ,41.597998,0.0
IWZ3077-EB                      ,41.597268,0.0
IWZ3078-EB                      ,41.58992,0.0
IWZ3078-WB                      ,41.590177,0.0
IWZ3079-EB                      ,41.596726,0.0
IWZ3079-WB                      ,41.597322,0.0
IWZ3088-WB                      ,41.59495,0.0
IWZ3088-EB                      ,41.594328,0.0
IWZ3542-EB                      ,41.59723,0.0
IWZ3542-WB                      ,41.597789,0.0
I-235 NB from EUCLID-EB,41.631567,-93.5749
I-235 NB from EUCLID-WB,41.631567,-93.5749
I-235 NB from EUCLID-EB-R,41.631567,-93.5749
I-235 NB from EUCLID-WB-R,41.631567,-93.5749
I-235 NB EUCLID LOOP-EB,41.627067,-93.574967
I-235 NB EUCLID LOOP-WB,41.627067,-93.574967
I-235 NB EUCLID LOOP-EB-R,41.627067,-93.574967
I-235 NB EUCLID LOOP-WB-R,41.627067,-93.574967
I-235 WB at Washington-EB,41.607567,-93.579217
I-235 WB at Washington-WB,41.607567,-93.579217
I-235 WB at Washington-EB-R,41.607567,-93.579217
I-235 EB at E 21st St-EB,41.602883,-93.58045
I-235 EB at E 21st St-WB,41.602883,-93.58045
I-235 EB at E 21st St-WB-R,41.602883,-93.58045
I-235 WB 9th STREET WALL-WB,41.595567,-93.604517
I-235 WB 9th STREET WALL-WB-R,41.595567,-93.604517
I-235 EB 9th STREET WALL-EB,41.594483,-93.605983
I-235 EB 9th STREET WALL-EB-R,41.594483,-93.605983
I-235 WB at WALKWAY-WB,41.595517,-93.6135
I-235 WB at WALKWAY-WB-R,41.595517,-93.6135
I-235 EB at WALKWAY-EB,41.594983,-93.613667
I-235 EB at WALKWAY-EB-R,41.594983,-93.613667
I-235 WB WEST END of BRIDGE-EB,41.596117,-93.6193
I-235 WB WEST END of BRIDGE-WB,41.596117,-93.6193
I-235 WB WEST END of BRIDGE-WB-R,41.596117,-93.6193
I-235 EB to MLK-EB,41.595217,-93.647
I-235 EB to MLK-WB,41.595217,-93.647
I-235 EB 28th STREET-EB,41.593153,-93.65452
I-235 EB 28th STREET-WB,41.593382,-93.654573
I-235 at 42nd STREET EB-EB,41.590867,-93.675517
I-235 at 42nd STREET EB-WB,41.590867,-93.675517
I-235 EB EAST OF 63RD-EB,41.5927,-93.700333
I-235 EB EAST OF 63RD-WB,41.5927,-93.700333
I-235 EB EAST OF 63RD-EB-R,41.5927,-93.700333
I-235 EB EAST OF 63RD-WB-R,41.5927,-93.700333
I-235 EB @ 8th Street Loop-EB,41.593067,-93.7158
I-235 EB @ 8th Street Loop-WB,41.593067,-93.7158
I-235 EB @ 8th Street Loop-EB-R,41.593066,-93.7158
I-235 EB @ 8th Street Loop-WB-R,41.593066,-93.7158
I-235 WB E of 22nd STREET-EB,41.593467,-93.7314
I-235 WB E of 22nd STREET-WB,41.593467,-93.7314
I-235 WB E of 22nd STREET-EB-R,41.593466,-93.7314
I-235 WB E of 22nd STREET-WB-R,41.593466,-93.7314
I-235 EB from Vly West Dr-EB,41.592067,-93.748117
I-235 EB from Vly West Dr-WB,41.592067,-93.748117
I-235 EB from Vly West Dr-EB-R,41.592066,-93.748116
I-235 EB from Vly West Dr-WB-R,41.592066,-93.748116
I-235 EB to VALLEY WEST-EB,41.592017,-93.758583
I-235 EB to VALLEY WEST-WB,41.592017,-93.758583
I-235 EB to VALLEY WEST-EB-R,41.592016,-93.758583
I-235 EB to VALLEY WEST-WB-R,41.592016,-93.758583
I-80-EB at WEST MIX-EB,41.592433,-93.77785
I-80 WB-EB at WEST MIX-WB,41.592433,-93.77785
I-80/235 WB-EB at WEST MIX-EB-R,41.592433,-93.77785
I-80/235 WB-EB at WEST MIX-WB-R,41.592433,-93.77785
I-35 SB at WEST MIXER-NB,41.5924,-93.777817
I-35 SB at WEST MIXER-SB,41.5924,-93.777817
I-35 SB at WEST MIXER-SB-R,41.5924,-93.777817
I-35/80 NB to HICKMAN-NB,41.61075,-93.7765
I-35/80 NB to HICKMAN-SB,41.61075,-93.7765
I-35/80 NB to HICKMAN-SB-R,41.61075,-93.7765
I-35/80 NB to DOUGLAS-NB,41.623477,-93.776711
I-35/80 NB to DOUGLAS-SB,41.623465,-93.776996
I-35/80 NB to DOUGLAS-NB-R,41.6235,-93.776467
I-35/80 SB from IA-141-NB,41.644967,-93.777133
I-35/80 SB from IA-141-SB,41.644967,-93.777133
I-35/80 SB from IA-141-SB-R,41.644966,-93.777133
EB to 86th STREET-EB,41.6517,-93.744417
EB to 86th STREET-WB,41.6517,-93.744417
I-35/80 EB to MERLE HAY-EB,41.652233,-93.705033
I-35/80 EB to MERLE HAY-WB,41.652233,-93.705033
I-35/80 EB to MERLE HAY-EB-R,41.652233,-93.705033
I-35/80 EB to MERLE HAY-WB-R,41.652233,-93.705033
I-35/80 EB WEST of 2nd AVENUE-EB,41.649533,-93.645183
I-35/80 EB WEST of 2nd AVENUE-WB,41.649533,-93.645183
I-35/80 EB to 2nd AVENUE-EB,41.649378,-93.626141
I-35/80 EB to 2nd AVENUE-WB,41.64957,-93.626145
I-35/80 EB to 2nd AVENUE-EB-R,41.649292,-93.626141
I-35/80 EB to 2nd AVENUE-WB-R,41.649657,-93.626141
I-35/80 EB from 2nd AVENUE-EB,41.649277,-93.61209
I-35/80 EB from 2nd AVENUE-WB,41.649277,-93.61209
I-35/80 EB from 2nd AVENUE-EB-R,41.649277,-93.61209
I-35/80 EB from 2nd AVENUE-WB-R,41.649277,-93.61209
I-35/80 WB to 14th STREET-EB,41.6505,-93.59327
I-35/80 WB to 14th STREET-WB,41.6505,-93.59327
I-35/80 WB to 14th STREET-EB-R,41.6505,-93.59327
I-35/80 WB to 14th STREET-WB-R,41.6505,-93.59327
I-35 NB at NORTH MSG SIGN-NB,41.670052,-93.57995
I-35 SB at NORTH MSG SIGN-SB,41.670052,-93.57995
I-35 SB at NORTH MSG SIGN-NB-R,41.670052,-93.57995
I-80 EB @ HUBBELL-WB,41.662088,-93.493696
I-80 EB at US-65 SB LOOP-EB,41.66015,-93.522467
I-80 WB at US-65 SB LOOP-WB,41.66015,-93.522467
I-80 WB at US-65 SB LOOP-WB-R,41.66015,-93.522467
Hwy65 South of I-80-NB,41.655717,-93.518117
Hwy65 South of I-80-SB,41.655717,-93.518117
Hwy65 South of I-80-NB-R,41.655717,-93.518117
Hwy65 South of I-80-SB-R,41.655717,-93.518117
US-65 NB at 46th AVENUE-NB,41.643664,-93.509757
US-65 NB at 46th AVENUE-SB,41.643664,-93.509757
US-65 SB to UNIVERSITY-NB,41.604867,-93.4967
US-65 SB to UNIVERSITY-SB,41.604867,-93.4967
US-65 SB to VANDALIA ROAD-NB,41.577483,-93.513733
US-65 SB to VANDALIA ROAD-SB,41.577483,-93.513733
US-65 SB to VANDALIA ROAD-NB-R,41.577483,-93.513733
US-65 SB to VANDALIA ROAD-SB-R,41.577483,-93.513733
US-65 SB at SE 64th STREET-NB,41.525433,-93.519783
US-65 SB at SE 64th STREET-SB,41.525433,-93.519783
US-65 SB at SE 64th STREET-NB-R,41.525433,-93.519783
US-65 NB to SE 64th-NB,41.519417,-93.519383
US-65 NB to SE 64th-SB,41.519417,-93.519383
US-65 NB to SE 64th-NB-R,41.519417,-93.519383
US-65 NB to SE 64th-SB-R,41.519417,-93.519383
US- 65 @ US-69 EAST-EB,41.508233,-93.56465
US- 65 @ US-69 EAST-WB,41.508233,-93.56465
US- 65 @ US-69 EAST-EB-R,41.508233,-93.56465
US- 65 @ US-69 EAST-WB-R,41.508233,-93.56465
US-65 EB from/to US-69-EB,41.506,-93.571017
US-65 EB from/to US-69-WB,41.506,-93.571017
US-65 EB from/to US-69-EB-R,41.506,-93.571017
US-65 EB from/to US-69-WB-R,41.506,-93.571017
IA-5 EAST of SW 9th-EB,41.49795,-93.617867
IA-5 EAST of SW 9th-WB,41.49795,-93.617867
IA-5 EAST of SW 9th-EB-R,41.49795,-93.617867
IA-5 EAST of SW 9th-WB-R,41.49795,-93.617867
IA-5 EB to FLEUR DRIVE-EB,41.510567,-93.651883
IA-5 EB to FLEUR DRIVE-WB,41.510567,-93.651883
IA-5 EB to FLEUR DRIVE-EB-R,41.510567,-93.651883
IA-5 EB to FLEUR DRIVE-WB-R,41.510567,-93.651883
IA-5 WEST of IA-28-EB,41.513367,-93.698967
IA-5 WEST of IA-28-WB,41.513367,-93.698967
IA-5 EB to SW CONNECTOR-EB,41.521733,-93.730533
IA-5 EB to SW CONNECTOR-WB,41.521733,-93.730533
IA-5 EB to SW CONNECTOR-EB-R,41.521733,-93.730533
IA 5 at MILE MARKER 103.55-EB,41.522467,-93.761767
IA 5 at MILE MARKER 103.55-WB,41.522467,-93.761767
IA 5 at MILE MARKER 103.55-WB-R,41.522467,-93.761767
I-35 NB EXIT to GRAND AVE-NB,41.5388,-93.77465
I-35 NB EXIT to GRAND AVE-SB,41.5388,-93.77465
I-35 NB EXIT to GRAND AVE-NB-R,41.5388,-93.77465
I-35 NB EXIT to GRAND AVE-SB-R,41.5388,-93.77465
I-35 NB to MILLS PARKWAY-NB,41.56325,-93.777167
I-35 SB to MILLS PARKWAY-SB,41.56325,-93.777167
I-35 SB to MILLS PARKWAY-NB-R,41.56325,-93.777167
I-35 SB to MILLS PARKWAY-SB-R,41.56325,-93.777167
I-35 NB at I-235 EB EXIT-NB,0.0,0.0
I-35 NB at I-235 EB EXIT-SB,0.0,0.0
I-35 NB at I-235 EB EXIT-NB-R,41.586317,-93.777233
I-35 NB at I-235 EB EXIT-SB-R,41.586317,-93.777233
I-80 EB at I-35 SB EXIT-EB,41.591867,-93.785933
I-80 EB at I-35 SB EXIT-WB,41.591867,-93.785933
I-80 EB at I-35 SB EXIT-EB-R,41.591867,-93.785933
I-80 EB at I-35 SB EXIT-WB-R,41.591867,-93.785933
I-80 EB at JORDAN CRK PKWY-EB,41.59185,-93.8037
I-80 EB at JORDAN CRK PKWY-WB,41.59185,-93.8037
I-80 EB at JORDAN CRK PKWY-EB-R,41.59185,-93.8037
I-80 EB at JORDAN CRK PKWY-WB-R,41.59185,-93.8037
I-80 WB at JORDAN CRK PKWY-EB,41.591167,-93.812083
I-80 WB at JORDAN CRK PKWY-WB,41.591167,-93.812083
I-80 WB at JORDAN CRK PKWY-WB-R,41.591166,-93.812083
I-80 EB at WEST MESSAGE SIGN-EB,41.5852,-93.822067
I-80 EB at WEST MESSAGE SIGN-WB,41.5852,-93.822067
I-35 NB to CORPORATE WOODS-NB,41.686033,-93.5762
I-35 SB to CORPORATE WOODS-SB,41.686033,-93.5762
I-35 SB to CORPORATE WOODS-NB-R,41.686033,-93.5762
I-35 SB to CORPORATE WOODS-SB-R,41.686033,-93.5762
I-35 NB to ORALABOR ROAD-NB,41.7081,-93.57665
I-35 SB to ORALABOR ROAD-SB,41.7081,-93.57665
I-35 SB to ORALABOR ROAD-NB-R,41.7081,-93.57665
I-35 SB to ORALABOR ROAD-SB-R,41.7081,-93.57665
I-35 NB at 1st AVE ANKENY-NB,41.731867,-93.577
I-35 NB at 1st AVE ANKENY-SB,41.731867,-93.577
I-35 NB North of Grand Portable-,41.546618,-93.775897
I-35 NB DMDS69 @ Grand Ave-SB,41.541488,-93.775553
I-35 NB at Ashworth Rd WDM-NB,41.583933,-93.777169
I-35 NB at Ashworth Rd WDM-SB,41.58397,-93.777806
I-80 WB at 52nd Street,41.681496,-93.116463
I-80 WB at Newton OH DMS,41.681032,-93.100745
I-80 WB at IA 14,41.683485,-93.077474
I-80 WB at W 4th Street,41.683857,-93.058462
I-80 WB at E 12th Street,41.683317,-93.039074
I-80 WB at Speedway Drive,41.682681,-93.000056
I-80 WB at 84th Street,41.680028,-92.941613
I-80 WB at Hwy T22,41.68263,-92.902737
I-80 WB at 108th Street,41.687183,-92.881869
I-80 EB at 108th Street,41.68703,-92.881663
I-80 EB at 84th Street,41.679823,-92.941603
I-80 EB at Hwy T22,41.682381,-92.902665
I-80 EB at Speedway Drive,41.68246,-93.0001
I-80 EB at E 12th Street,41.683104,-93.03909
I-80 EB at W 4th Street,41.683633,-93.05846
I-80 EB at IA 14,41.683293,-93.077359
I-80 EB at Newton OH DMS,41.680812,-93.100749
I-80 EB at 52nd Street,41.681267,-93.116396
I-80 EB @ NE 62nd Ave - Altoona,41.671816,-93.443833
I-80 WB @ NE 62nd Ave - Altoona,41.671994,-93.444046
I-35/80 EB @ NE 22nd Ave - DSM,41.651084,-93.581237
I-80 EB East of 1st Ave N - Alto,41.669308,-93.458011
I-80 EB @ NE 38th St - Altoona,41.656782,-93.543263
I-80 WB @ NE 38th St - Altoona,41.656957,-93.543371
I-80 WB @ DMS - Altoona,41.663182,-93.478662
I-80 EB @ DMS - Altoona,41.66257,-93.47824
I-80 WB @ Hubbell - Altoona,41.661537,-93.493663
I-80 EB @ Hubbell - Altoona,41.66233,-93.493652
I-80 EB @ Sign truss exit 137B -,41.652991,-93.568708
I-80 WB @ Sign truss exit 137B -,41.653216,-93.568732
I-80 WB East of 1st Ave N - Alto,41.669509,-93.458077
I-80 EB Between US65N and US65S,41.661907,-93.507489
I-80 WB Between US65N and US65S,41.6621,-93.507509
I-35 NB North of East Mix,41.652921,-93.575534
I-35 SB North of East Mix,41.652919,-93.57583
I-235 EB @ DMS,41.640893,-93.575612
I-235 WB @ DMS,41.640876,-93.575834
I-235 EB @ Sign Truss,41.619808,-93.576285
I-235 WB @ Sign Truss,41.619826,-93.576521
I-235 EB @ Guthrie Ave,41.614598,-93.577513
I-235 WB @ Guthrie Ave,41.614652,-93.577765
I-235 EB West of University,41.597646,-93.592572
I-235 WB @ Sign Truss,41.595985,-93.630324
I-235 WB @ Sign Truss,41.596042,-93.630318
I-235 EB @ Sign Truss,41.595781,-93.630342
I-235 EB @ Sign Truss,41.596084,-93.636692
I-235 @ Sign Truss-EB,41.59306,-93.66574
I-235 @ Sign Truss-WB,41.593259,-93.665742
I-235 WB @ Sign Truss,41.596091,-93.636702
I-235 NB Exit Ramp,41.648832,-93.575015
I-235 WB West of University,41.59744,-93.592438
I-235 WB @ Sign Truss,41.595781,-93.630342
US 65 @ E Oakwood Dr SB,41.590132,-93.499886
US 65 @ E Oakwood Dr NB,41.590067,-93.499568
I-35 NB @ MP 67,41.510402,-93.780134
I-35 SB @ MP 67,41.510421,-93.78038
I-80 EB @ F 90,41.519736,-94.077264
I-80 WB @ F 90,41.51991,-94.077455
IWZ 3075 NB,42.117778,0.0
IWZ 3075 SB,42.117778,0.0
IA 5 WB @ MP 101,41.518839,-93.71713
IA 5 EB @ MP 101,41.518681,-93.717408
I-80 IWZ 4003 WB,0.0,0.0
I-80 IWZ 4038 EB_2,41.57567,-93.84054
I-80 IWZ 4038 WB_2,41.57567,-93.84054
I-80 IWZ 4035 EB,41.539091,-94.022013
I-80 IWZ 4035 WB,41.539283,-94.022086
I-35/80 EB @ MP 128.5,41.651279,-93.756262
I-35/80 EB @ NW 26th St,41.650001,-93.652785
I-35/80 EB @ MP 127.5,41.649247,-93.773139
I-35/80 EB Off Ramp @ MP 127.5,41.649247,-93.773139
I-35/80 WB @ MP 127.5,41.649247,-93.773139
I-35/80 WB On Ramp @ MP 127.5,41.649247,-93.773139
I-35/80 NB @ MP 126.5,41.635017,-93.777267
I-35/80 NB On Ramp @ MP 126.5,41.635017,-93.777267
I-35/80 SB @ MP 126.5,41.635017,-93.777267
I-35 NB @ MP 124,41.600175,-93.77672
I-35 NB @ MP 124,41.600189,-93.776921
I-35 SB @ MP 124,41.600219,-93.777102
I-35 SB @ MP 124,41.600225,-93.777336
I-35 SB @ MP 68.57,41.532056,-93.773678
I-35 SB @ MP 68.57,41.532056,-93.773678
I-35 NB @ MP 68.57,41.532056,-93.773678
I-35 NB @ MP 68.57,41.532056,-93.773678
I-35/80 WB @ NW 44th St,41.651003,-93.667928
I-35/80 EB @ NW 44th St,41.651003,-93.667928
I-35/80 EB @ NW Beaver Dr,41.651547,-93.680161
I-35/80 WB @ NW 26th St,41.650001,-93.652785
I-35/80 WB @ NW Beaver Dr,41.651547,-93.680161
I-35/80 EB @ Iowa 28,41.651992,-93.688825
I-35/80 EB On Ramp @ Iowa 28,41.651992,-93.688825
I-35/80 WB @ Iowa 28,41.651992,-93.688825
I-35/80 WB Off Ramp @ Iowa 28,41.651992,-93.688825
I-35/80 EB @ 72nd St,41.652592,-93.717342
I-35/80 WB @ 72nd St,41.652592,-93.717342
I-35/80 EB @ 86th St,41.652639,-93.7284
I-35/80 WB @ 86th St,41.652639,-93.7284
I-35/80 WB Off Ramp @ 86th St,41.652639,-93.7284
I-35/80 WB @ MP 128.5,41.651279,-93.756262
I-80 IWZ 4061 EB_2,41.55016,-93.94315
I-80 IWZ 4061 WB_2,41.55016,-93.94315
I-80 IWZ 4060 NB_2,41.57687,-93.77772
I-80 IWZ 4060 SB_2,41.57687,-93.77772
I-80 IWZ 4058 WB_OR_2,41.5925,-93.80566
I-80 IWZ 4063 WB_2,41.55942,-93.89678
I-80 IWZ 4063 EB_2,41.55942,-93.89678
I-80 IWZ 4066 NB_OR_2,41.597642,-93.775318
I-80 IWZ 4071 WB_2,41.56543,-93.86204
I-80 IWZ 4071 EB_2,41.56543,-93.86204
IWZ 4033 Ramp,41.597537,-93.775279
I-80 EB ramp to I-35 SB West Mix,41.590249,-93.780379
I-80 EB ramp to I-80/35 EB/NB We,41.590381,-93.78019
I-80/35 EB/NB Ramp from West Mix,41.592631,-93.773248
I-235 EB @ Sign Truss           ,41.596084,-93.636692
IWZ3062 - I-80 WB @ MM 177.00,41.695442,0.0
IWZ3062 - I-80 EB @ MM 177.00,41.694828,0.0
IWZ 3066 WB,40.820404,0.0
IWZ 3066 EB,40.819661,0.0
IWZ3063 - I-35 NB @ MM 55.65,41.346657,0.0
IWZ3063 - I-35 SB @ MM 55.65,41.346673,0.0
IWZ3089 - I-80 EB @ MM 149.5,41.680169,0.0
IWZ3089 - I-80 WB @ MM 149.5,41.681205,0.0
IWZ3520 - I-35 NB @ MM 54.35,41.411313,0.0
IWZ 3518 EB,41.699219,0.0
IWZ 3518 WB,41.700228,0.0
IWZ3520 - I-35 SB @ MM 54.35,41.411313,0.0
IWZ 3087 WB On Ramp,0.0,0.0
IWZ 3516 WB,40.81388,0.0
IWZ 3516 EB,40.813455,0.0
US-65 SB @ MP 75.3              ,41.543531,-93.515462
US-65 NB @ MP 75.3              ,41.543467,-93.515144
I-80 EB @ 34th Ave NW           ,41.661952,-93.50325
I-80 WB @ 34th Ave NW           ,41.662118,-93.503255
I-80 EB @ 34th Ave NW Off Ramp  ,41.661854,-93.503251
I-80 EB Off Ramp @ DMS - Altoona,41.662284,-93.47803
IWZ 3087 WB,40.816484,0.0
IWZ 3087 EB,40.815747,0.0
IWZ 3087 EB Off Ramp,40.815629,0.0
IWZ 3516 EB Off Ramp,40.813284,0.0
IWZ 3516 WB On Ramp,40.813992,0.0
IWZ 3507 EB,40.817838,0.0
IWZ 3507 WB,40.818358,0.0
IWZ 3507 WB On Ramp,0.0,0.0
I-80 WB On Ramp @ Hubbell - Alto,41.662458,-93.493637
IWZ2989 - US 65 NB @ MM 62,41.404683,0.0
IWZ2989 - US 65 SB @ MM 62,41.404669,0.0
IWZ3083 - US 65 NB @ MM 63,41.420677,0.0
IWZ3083 - US 65 SB @ MM 63,41.420656,0.0
IWZ3556 - I-35 NB @ IA-MO border,0.0,0.0
IWZ3556 - I-35 SB @ IA-MO border,0.0,0.0
IWZ3093 - I-35 SB @ MM 58.8,41.392174,0.0
IWZ3093 - I-35 NB @ MM 58.8,41.392131,0.0
IWZ3085 - I-35 NB @ MM 112 (IL),0.0,-93.9537
IWZ3085 - I-35 SB @ MM 112 (IL),0.0,-93.954378
IWZ3069 - I-80 EB @ Hwy T38 On R,0.0,0.0
IWZ3069 - I-80 WB @ Hwy T38 Off ,0.0,0.0
IWZ2005 - I-80 EB @ MM 178.20,0.0,0.0
IWZ2005 - I-80 WB @ MM 178.20,0.0,0.0
IWZ3309 - I-80 EB @ Grinnell RA,0.0,0.0
IWZ3309 - I-80 WB @ Grinnell RA,0.0,0.0
IWZ2995 - I-80 EB @ MM 172.50,0.0,0.0
IWZ2995 - I-80 WB @ MM 172.50,0.0,0.0
IWZ3091 - I-80 EB @ MM 176.35,0.0,0.0
IWZ3091 - I-80 WB @ MM 176.35,0.0,0.0
IWZ2987 - I-80 EB @ MM 175.55,0.0,0.0
IWZ2987 - I-80 WB @ MM 175.55,0.0,0.0
IWZ2992 - I-80 EB @ US 169,41.539602,0.0
IWZ2992 - I-80 WB @ US 169,0.0,0.0
US 20 SDSC-23 NB,42.470967,-96.32315
US 20 SDSC-23 SB,42.470967,-96.32315
US 75 SDSC-24 SB,42.481433,-96.324033
US 75 SDSC-24 NB,42.481433,-96.324033
US 20 SDSC-22 SB,42.458,-96.330233
US 20 SDSC-22 NB,42.458,-96.330233
US 20 SDSC-21 EB,42.450315,-96.335269
US 20 SDSC-21 WB,42.450345,-96.335589
US 20 SDSC-19 EB,42.443618,-96.352577
US 20 SDSC-18 EB,42.444954,-96.366786
I-29 SDSC-01 SB,42.374169,-96.3536
I-29 SDSC-01 NB,42.374169,-96.3536
I-29 SDSC-02 SB,42.397035,-96.367051
I-29 SDSC-02 NB,42.397005,-96.366151
I-29 SDSC-03 SB,42.40775,-96.366
I-29 SDSC-03 NB,42.40775,-96.366
I-29 SDSC-04 SB,42.43472,-96.375341
I-29 SDSC-04 NB,42.434756,-96.374921
I-29 SDSC-05 SB,42.442033,-96.374867
I-29 SDSC-05 NB,42.442033,-96.374867
US 20 SDSC-06 WB,42.446043,-96.373122
US 20 SDSC-06 EB,42.445915,-96.373122
US 20 SDSC-07 WB,42.446816,-96.380138
US 20 SDSC-07 EB,42.446623,-96.380181
I-29 SDSC-08 SB,42.452177,-96.37575
I-29 SDSC-08 NB,42.452221,-96.37575
I-29 SDSC-09 NB,42.47055,-96.381503
I-29 SDSC-09 SB,42.47049,-96.381503
I-29 SDSC-10 NB,42.485,-96.392167
I-29 SDSC-10 SB,42.485,-96.392477
I-29 SDSC-11 NB T,42.488753,-96.399995
I-29 SDSC-11 SB T,42.488155,-96.400169
I-29 SDSC-12 NB,42.489964,-96.40811
I-29 SDSC-12 SB,42.489439,-96.40841
I-29 SDSC-13 NB,42.491953,-96.415821
I-29 SDSC-13 SB,42.491845,-96.415842
I-29 SDSC-14 NB,42.492164,-96.427567
I-29 SDSC-14 SB,42.492164,-96.427567
I-29 SDSC-16 NB,42.49354,-96.46229
I-29 SDSC-16 SB,42.493357,-96.462258
I-29 SDSC-17 EB,42.493958,-96.471704
I-29 SDSC-17 WB,42.493958,-96.471704
US 20 SDSC-18 WB,42.445684,-96.366638
US 20 SDSC-19 WB,42.443777,-96.352583
US 20 SDSC-20 NB,42.444283,-96.340983
US 20 SDSC-20 SB,42.444283,-96.340983
I-29 SCDS-15 NB,42.491372,-96.442255
I-29 SCDS-15 SB,42.491507,-96.442132
I-29 SCDS-26 NB,42.492661,-96.451133
I-29 SCDS-26 SB,42.492502,-96.451207
I-29 SCDS-28 SB Exit Ramp Downto,42.488341,-96.403581
I-29 SCDS-29 NB,42.461866,-96.379008
I-29 SCDS-29 SB,42.461842,-96.379234
US 20 SDSC-21 EB Off Ramp       ,42.450294,-96.335179
US 20 SDSC-21 WB On Ramp        ,42.450361,-96.335665
I-29 SDSC-12 SB On Ramp,42.489597,-96.408471
US 20 SDSC-19 EB Off Ramp,42.443387,-96.352627
US 20 SDSC-19 WB On Ramp,42.443842,-96.352617
I-29 SDSC-16 NB Off Ramp        ,42.49362,-96.462316
I-29 SDSC-16 SB On Ramp         ,42.493285,-96.462256
I-29 SDSC-11 NB Off Ramp T,42.488859,-96.399967
I-29 SDSC-12 NB Off Ramp,42.490146,-96.408037
US 20 SDSC-22 NB Off Ramp,42.457532,-96.329345
US 20 SDSC-22 SB On Ramp        ,42.458204,-96.330537
US 20 SDSC-18 EB On Ramp,42.444654,-96.366837
US 20 SDSC-18 WB Off Ramp,42.445919,-96.366584
I-29 SDSC-02 SB On Ramp,42.39703,-96.367303
I-29 SDSC-02 NB Off Ramp,42.397028,-96.366001
I-29 SCDS-30 SB                 ,42.491771,-96.424719
I-29 SCDS-30 NB                 ,42.492204,-96.424765
I-29 SCDS-31 SB                 ,42.485974,-96.394405
I-29 SCDS-31 NB                 ,42.486282,-96.394092
DMTT06 - I-29 SB @ MM 148.83 T,42.49199,-96.418337
DMTT06 - I-29 NB @ MM 148.83 T,42.492129,-96.418337
DMTT06 - I-29 NB On Ramp @ MM 14,42.492201,-96.418326
DMTT06 - I-29 NB Off Ramp @ MM 1,42.49234,-96.418305
US 20 SDSC-23 NB Off Ramp       ,42.470984,-96.322836
I-29 SDSC-13 NB Off Ramp to Hami,42.49216,-96.415854
I-29 SDSC-13 NB On Ramp from Wes,42.492213,-96.415854
US 30 EB @ MP 135.5,42.034597,-93.850211
US 30 EB @ IA 17,42.034614,-93.815563
US 30 EB @ MP 139,42.02788,-93.793788
US 30 EB @ U Ave,42.02315,-93.777013
US 30 EB @ MP 142,42.02279,-93.732115
US 30 EB @ County Rd R38,42.014646,-93.698831
US 30 EB @ County Rd R38,42.008431,-93.679085
US 30 EB @ 520th Ave,42.006979,-93.659093
US 30 EB @ MP 146.6,42.002986,-93.644622
US 30 EB @ MP 147.2,42.00337,-93.63393
US 30 EB @ MP 148.1,42.004411,-93.616161
US 30 EB @ US 69,42.004775,-93.610481
US 30 EB @ MP 148.7,42.005391,-93.605152
US 30 EB @ S Dayton Ave,42.006468,-93.586565
US 30 EB @ I-35,42.007613,-93.570809
US 30 EB @ MP 152,42.008335,-93.56012
US 30 EB @ 580th Ave,42.008705,-93.541083
US 30 EB @ 600th Ave,42.008637,-93.501627
US 30 EB @ County Highway S14,42.006288,-93.465313
US 30 EB @ S 11th St,42.00559,-93.444796
US 30 EB @ S 19th St,42.008067,-93.434763
US 30 WB @ S 19th St,42.007995,-93.43517
US 30 WB @ S 11th St,42.005826,-93.444709
US 30 WB @ County Highway S14,42.006442,-93.465145
US 30 WB @ 600th Ave,42.008843,-93.501625
US 30 WB @ 580th Ave,42.008925,-93.540971
US 30 WB @ MP 152,42.008507,-93.560337
US 30 WB @ I-35,42.007778,-93.570811
US 30 WB @ S Dayton Ave,42.006667,-93.586626
US 30 WB @ MP 148.7,42.005397,-93.605105
US 30 WB @ US 69,42.004996,-93.610487
US 30 WB @ MP 148.1,42.004604,-93.616166
US 30 WB @ MP 147.2,42.003348,-93.633926
US 30 WB @ MP 146.6,42.003133,-93.644505
US 30 WB @ 520th Ave,42.007305,-93.659047
US 30 WB @ County Rd R38,42.008644,-93.679037
US 30 WB @ County Rd R38,42.014598,-93.698813
US 30 WB @ MP 142,42.023165,-93.732137
US 30 WB @ U Ave,42.02337,-93.776985
US 30 WB @ MP 139,42.028019,-93.793636
US 30 WB @ IA 17,42.034763,-93.815639
US 30 WB @ MP 135.5,42.034782,-93.850197
I-35 SB @ County Highway E29,42.078045,-93.567084
I-35 SB @ E 13th St,42.034337,-93.57061
I-35 SB @ E Lincoln Way,42.02325,-93.571481
I-35 SB @ US 30 North,42.008074,-93.571285
I-35 SB @ US 30 South,42.007261,-93.571281
I-35 SB S of US 30,42.003957,-93.571211
I-35 SB @ County Rd E57,41.979322,-93.570723
I-35 SB @ MP 107.8,41.949531,-93.569873
I-35 SB @ MP 105.7,41.919244,-93.570325
I-35 SB @ Heart of Iowa Nature T,41.893736,-93.57122
I-35 SB @ IA 210,41.877695,-93.571334
I-35 SB @ NE 158th Ave,41.849691,-93.571214
I-35 SB @ NE 142nd Ave,41.820534,-93.570991
I-35 SB @ NE 126th Ave,41.791235,-93.570544
I-35 SB @ NE 36th St,41.76119,-93.569449
I-35 SB @ MP 94,41.7506,-93.573795
I-35 NB @ MP 94,41.750574,-93.573505
I-35 NB @ NE 36th St,41.761241,-93.569112
I-35 NB @ NE 126th Ave,41.791254,-93.570257
I-35 NB @ NE 142nd Ave,41.820534,-93.570718
I-35 NB @ NE 158th Ave,41.849689,-93.570935
I-35 NB @ IA 210,41.877697,-93.571049
I-35 NB @ Heart of Iowa Nature T,41.893732,-93.570946
I-35 NB @ MP 105.7,41.919277,-93.570074
I-35 NB @ MP 107.8,41.949573,-93.569597
I-35 NB @ County Rd E57,41.979355,-93.570454
I-35 NB S of US 30,42.003934,-93.570946
I-35 NB @ US 30 South,42.007312,-93.570974
I-35 NB @ US 30 North,42.008083,-93.570977
I-35 NB @ E Lincoln Way,42.023259,-93.571193
I-35 NB @ E 13th St,42.034307,-93.570337
I-35 NB @ County Highway E29,42.078054,-93.566808
US 30 EB @ MP 142 Exit Ramp,42.022732,-93.732128
US 30 EB @ County Rd R38 Entranc,42.008356,-93.679101
US 30 WB @ MP 146.6 Exit Ramp,42.002946,-93.644639
US 30 EB @ MP 148.1 Exit Ramp,42.00433,-93.616148
US 30 EB @ US 69 Entrance Ramp,42.00476,-93.610498
US 30 EB @ S 19th St Exit Ramp,42.008132,-93.434775
US 30 WB @ MP 148.7 Exit Ramp,42.005503,-93.605137
US 30 WB @ MP 146.6 Entrance Ram,42.002948,-93.644641
US 30 EB @ I-35 Exit Ramp,42.007557,-93.570824
I-35 SB S of US 30 Entrance Ramp,42.003961,-93.57149
I-35 SB S of US 30 Exit Ramp,42.003931,-93.570821
US 30 EB @ S 19th St Entrance Ra,42.008177,-93.43517
I-35 @ 220th St SB,42.464041,-93.569001
I-35 @ 220th St NB,42.464041,-93.568722
I-35 @ 250th St SB,42.427943,-93.570496
I-35 @ 250th St NB,42.427932,-93.570222
I-35 @ 250th St SB,42.418893,-93.5705
I-35 @ 250th St NB,42.418898,-93.570227
I-35 @ 320th St SB,42.322803,-93.569739
I-35 @ 320th St NB,42.322797,-93.569467
I-35 @ 330th St NB,42.314939,-93.569305
I-35 @ 330th St SB,42.31494,-93.569587
I-35 @ 340th St NB,42.296196,-93.570338
I-35 @ 340th St SB,42.296193,-93.570604
I-35 @ 350th St NB,42.281932,-93.570281
I-35 @ 350th St SB,42.281939,-93.570551
I-35 @ 360th St NB,42.266141,-93.570347
I-35 @ 360th St SB,42.26614,-93.570617
I-35 @ 380th St NB,42.244615,-93.570324
I-35 @ 380th St SB,42.244613,-93.570596
I-35 NB Off Ramp US-30 WB,42.00896,-93.569513
I-35 NB On Ramp US-30 WB        ,42.00931,-93.569513
US 30 WB @ MP 142 On Ramp LL    ,42.023221,-93.732135
US 30 WB @ MP 147.2 Exit Ramp,42.003421,-93.633919
US 30 EB @ MP 147.2 Entrance Ram,42.003104,-93.633863
I-35 NB @ US 30 South Entrance R,42.007308,-93.570935
I-35 SB @ US 30 South Exit Ramp ,42.007299,-93.571342
US 30 EB @ MP 148.7 Entrance Ram,42.005146,-93.605107
IWZ2992 - I-80 EB @ MM 113.45,41.548693,-93.949877
IWZ2992 - I-80 WB @ MM 113.45,41.549039,-93.950067
IWZ2994 - IA 58 NB @ MM 181.95,42.489449,-92.449227
IWZ2994 - IA 58 SB @ MM 181.95,42.48929,-92.449503
IWZ2999 - US 218 SB @ MM 181.35,42.494688,-92.344581
IWZ2999 - US 218 NB @ MM 181.35,42.494915,-92.344282
IWZ3053 - US 218 SB @ MM 182.5,42.501406,-92.364796
IWZ3053 - US 218 NB @ MM 182.5,42.501666,-92.36451
IWZ3546 - I-35 NB @ MM 189.40,43.078323,-93.342791
IWZ3546 - I-35 SB @ MM 189.40,43.078338,-93.343297
IWZ3553 - US 218 NB @ MM 181.9,42.497219,-92.353078
IWZ3553 - US 218 SB @ MM 181.9,42.496859,-92.353019
ADR1000 - I-29 NB @ MM 63.95,41.3836,-95.8994
ADR1000 - I-29 SB @ MM 63.95,41.383597,-95.899685
ADR1020 - I-29 NB @ MM 28.55    ,40.945706,-95.800497
ADR1020 - I-29 SB @ MM 28.55    ,40.945716,-95.800847
ADR1040 - I-35 NB @ MM 136,42.354041,-93.570047
ADR1040 - I-35 SB @ MM 136,42.354033,-93.570338
ADR1060 - I-35 NB @ MM 13.40,40.74718,-93.840083
ADR1060 - I-35 SB @ MM 13.40,40.747257,-93.840444
ADR1090 - I-35 NB @ MM 200.15,43.24216,-93.348708
ADR1090 - I-35 SB @ MM 200.15,43.242166,-93.349102
ADR1100 - I-80 EB @ MM 32.80,41.498988,-95.479943
ADR1100 - I-80 WB @ MM 32.80,41.499251,-95.479939
ADR1110 - I-80 EB @ MM 221.95,41.686882,-91.968942
ADR1110 - I-80 WB @ MM 221.95,41.687144,-91.968945
ADR1130 - I-380 NB @ MM 45,42.260349,-91.910136
ADR1130 - I-380 SB @ MM 45,42.260105,-91.910384
ADR1150 - I-80 EB @ MM 62.35,41.497044,-94.911864
ADR1150 - I-80 WB @ MM 62.35,41.497336,-94.91187
ADR1160 - I-80 EB @ MM 120.65,41.585196,-93.822084
ADR1160 - I-80 WB @ MM 120.65,41.585457,-93.822314
ADR1190 - I-80 EB @ MM 302.85,41.597403,-90.429921
ADR1190 - I-80 WB @ MM 302.85,41.597724,-90.429945
ADR1200 - I-80 EB @ MM 262,41.658258,-91.205245
ADR1200 - I-80 WB @ MM 262,41.658632,-91.205208
ADR1210 - I-35 NB @ MM 153.20,42.591992,-93.525417
ADR1210 - I-35 SB @ MM 153.20,42.592262,-93.525858
ADR1230 - I-80 EB @ MM 146.85,41.679337,-93.406519
ADR1230 - I-80 WB @ MM 146.85,41.679687,-93.406672
ADR1240 - I-680 EB @ MM 23.05,41.498427,-95.708664
ADR1240 - I-680 WB @ MM 23.05,41.498801,-95.708664
ADR1250 - I-380 NB @ M M 5.95,41.77965,-91.646403
ADR1250 - I-380 SB @ M M 5.95,41.779656,-91.646925
ADR2020 - US 71 @ MM 83.00,41.694443,-94.918353
ADR2020 - US 71 SB @ MM 83.00,41.694414,-94.918533
ADR2050 - US 218 NB @ MM 52.35,41.097823,-94.918533
ADR2050 - US 218 SB @ MM 52.35,41.097859,-91.544964
ADR2070 - US 18 EB @ MM 132.35,43.0827,-94.191509
ADR2070 - US 18 WB @ MM 132.35,43.082881,-94.19152
ADR2100 - US 18 EB @ MM 46.60,43.186099,-95.764687
ADR2100 - US 18 WB @ MM 46.60,43.186226,-95.76469
ADR2140 - US 61 NB @ MM 45.25,40.867585,-91.160542
ADR2140 - US 61 SB @ MM 45.25,40.867514,-91.160749
ADR2160 - US 34 EB @ MM 95.95,41.027474,-94.14682
ADR2160 - US 34 WB @ MM 95.95,41.027662,-94.146827
ADR2170 - IA 122 EB @ MM 3.00,43.14779,-93.303788
ADR2170 - IA 122 WB @ MM 3.00,43.148238,-93.303793
ADR2190 - IA 122 EB @ MM 113.25,41.02187,-93.816838
ADR2190 - IA 122 WB @ MM 113.25,41.022011,-93.816872
ADR2210 - IA 9 EB @ MM 98.90,43.399582,-94.672355
Edit me - ADR2210 - IA 9 WB @ MM,43.399721,-94.672365
ADR2220 - IA 3 EB @ MM 138.25,42.73151,-94.050597
ADR2220 - IA 3 WB @ MM 138.25,42.731676,-94.050618
ADR2230 - IA 3 NB @ MM 38.65,41.176815,-95.137358
ADR2230 - IA 3 SB @ MM 38.65,41.176813,-95.137545
ADR2240 - US 59 NB @ MM 89.55,41.843631,-95.343785
ADR2240 - US 59 SB @ MM 89.55,41.84363,-95.343954
ADR2300 - US 169 NB @ MM 63.95,41.277498,-94.042097
ADR2300 - US 169 SB @ MM 63.95,41.277497,-94.042273
ADR2340 - IA 12 NB @ MM 21.65,42.673231,-96.55368
ADR2340 - IA 12 SB @ MM 21.65,42.673155,-96.553817
ADR2380 - IA 149 NB @ MM 24.15,41.203856,-92.213478
ADR2380 - IA 149 SB @ MM 24.15,41.203848,-92.213732
ADR2400 - IA 2 EB @ MM 18.25,40.750423,-95.579823
ADR2400 - IA 2 WB @ MM 18.25,40.750631,-95.579843
ADR2410 - IA 13 NB @ MM 33.35,42.374473,-91.480685
ADR2410 - IA 13 SB @ MM 33.35,42.374465,-91.480942
ADR2420 - US 61 NB @ MM 133.60,41.749126,-90.568514
ADR2420 - US 61 SB @ MM 133.60,41.749115,-90.569049
ADR2430 - US 30 EB @ MM 318.75,41.815175,-90.444282
ADR2430 - US 30 WB @ MM 318.75,41.815562,-90.444289
ADR2440 - IA 1 NB @ MM 71.20,41.530036,-91.713167
ADR2440 - IA 1 SB @ MM 71.20,41.530025,-91.713419
ADR2450 - US 20 EB @ MM 244.75,42.448967,-92.073797
ADR2450 - US 20 WB @ MM 244.75,42.449438,-92.073814
ADR2460 - IA 141 EB @ MM 131.40,41.834824,-94.05499
ADR2460 - IA 141 WB @ MM 131.40,41.835294,-94.055021
ADR2480 - IA 21 NB @ MM 48.45,41.78471,-92.279116
ADR2480 - IA 21 SB @ MM 48.45,41.784709,-92.279369
ADR2490 - US 216 NB @ MM 86.15,41.561828,-91.544573
ADR2490 - US 216 SB @ MM 86.15,41.561823,-91.545173
ADR2500 - US 65 NB @ MM 80.75,41.618022,-93.493089
ADR2500 - US 65 SB @ MM 80.75,41.618054,-93.493675
ADR2520 - US 18 NB @ MM 253.20,43.003734,-92.318025
ADR2520 - US 18 SB @ MM 235.20,43.00371,-92.318676
ADR2530 - US 216 NB @ MM 225.15,43.00694,-92.620981
ADR2530 - US 216 SB @ MM 225.15,43.006563,-92.621358
ADR2540 - IA 60 NB @ MM 53.70,43.469695,-95.708711
ADR2540 - IA 60 SB @ MM 53.70,43.469843,-95.709236
ADR2550 - US 20 EB @ MM 169.85,42.448035,-93.239947
ADR2550 - US 20 WB @ MM 169.85,42.448486,-93.239953
ADR2560 - US 18 EB @ MM 182.00,43.105169,-93.280563
ADR2560 - US 18 WB @ MM 182.00,43.105604,-93.280573
ADR2570 - US 20 EB @ MM 41.50,42.474681,-95.622146
ADR2570 - US 20 WB @ MM 41.50,42.474854,-95.622158
ADR2580 - US 30 EB @ MM 229.45,41.963587,-92.07653
ADR2580 - US 30 WB @ MM 229.45,41.963706,-92.076541
ADR2590 - US 30 EB @ MM 268.95,41.918376,-91.358948
ADR2590 - US 30 WB @ MM 268.95,41.918529,-91.35895
ADR2600 - US 71 NB @ MM 0.65,40.585519,-95.030544
ADR2600 - US 71 SB @ MM 0.65,40.58552,-95.030744
ADR2610 - US 69 NB @ MM 167.60,42.636024,-94.227147
ADR2610 - US 69 SB @ MM 167.60,42.636028,-94.227351
ADR2620 - US 63 NB @ MM 8.70,40.715065,-92.504632
ADR2620 - US 63 SB @ MM 8.70,40.715069,-92.504863
ADR2630 - US 52 NB @ MM 91.75,42.822037,-91.180095
ADR2630 - US 52 SB @ MM 91.75,42.82217,-91.180141
ADR2640 - IA 27 NB @ MM 0.65,40.47163,-91.567488
ADR2640 - IA 27 SB @ MM 0.65,40.471677,-91.568046
ADR2660 - IA 2 EB @ MM 190.65,40.734868,-92.518762
ADR2660 - IA 2 WB @ MM 190.65,40.735019,-92.518836
ADR2670 - US 34 EB @ MM 22.85,41.030819,-95.473134
ADR2670 - US 34 WB @ MM 22.85,41.030963,-95.473135
ADR2680 - US 30 EB @ MM 41.40,41.899204,-95.564319
ADR2680 - US 30 WB @ MM 41.40,41.899275,-95.564443
ADR2690 - US 30 EB @ MM 117.55,42.033633,-94.195416
ADR2690 - US 30 WB @ MM 117.55,42.033786,-94.195428
ADR2700 - US 71 NB @ MM 168.80,42.694518,-95.151392
ADR2700 - US 71 SB @ MM 168.80,42.694526,-95.151601
ADR2710 - US 18 EB @ MM 110.35,43.11199,-94.592919
ADR2710 - US 18 WB @ MM 110.35,43.112134,-94.592902
ADR2720 - US 71 NB @ MM 53.75,41.327124,-94.984544
ADR2720 - US 71 SB @ MM 53.75,41.327128,-94.984754
ADR2730 - US 34 EB @ MM 151.05,41.000727,-93.125184
ADR2730 - US 34 WB @ MM 151.05,41.0009,-93.125187
ADR2740 - IA 163 NB @ MM 37.35,41.434651,-92.994744
ADR2740 - IA 163 SB @ MM 37.35,41.434308,-92.994977
ADR2750 - US 20 EB @ MM 303.50,42.439523,-90.941753
ADR2750 - US 20 WB @ MM 303.50,42.439873,-90.941725
ADR2760 - US 63 NB @ MM 227.30,43.392393,-92.298082
ADR2760 - US 63 SB @ MM 227.30,43.392391,-92.298313
ADR2770 - US 34 EB @ MM 200.65,40.994798,-92.211639
ADR2770 - US 34 WB @ MM 200.65,40.995185,-92.211628
ADR2790 - IA 13 NB @ MM 50.10,42.592503,-91.469426
ADR2790 - IA 13 SB @ MM 50.10,42.592499,-91.4696
ADR2800 - IA 2 EB @ MM 117.30,40.732955,-93.877008
ADR2800 - IA 2 WB @ MM 117.30,40.733105,-93.877008
ADR2850 - US 20 EB @ MM 98.00,42.44957,-94.641668
ADR2850 - US 20 WB @ MM 98.00,42.450025,-94.641673
ADR2860 - US 34 EB @ MM 2.00,41.04554,-95.856936
ADR2860 - US 34 WB @ MM 2.00,41.045866,-95.856644
ADR5010 - IA 5 NB @ MM 30.20,40.960671,-92.82465
ADR5010 - IA 5 SB @ MM 30.20,40.960771,-92.824835
ADR5030 - IA 415 EB @ MM 13.40,41.76435,-93.722311
ADR5030 - IA 415 WB @ MM 13.40,41.764491,-93.722317
ADR7050 - I-74 NB @ MM 3.50,41.546274,-90.51917
ADR7050 - I-74 SB @ MM 3.50,41.546148,-90.519619
ADR7080 - I-280 EB @ MM 8.90,41.487127,-90.642621
ADR7080 - I-280 WB @ MM 8.90,41.486924,-90.642916
ADR8110 - IA 192 NB @ MM 3.75,41.273675,-95.86733
ADR8110 - IA 192 SB @ MM 3.75,41.27368,-95.867557
ADR8120 - IA 122 EB @ MM 8.95,43.147915,-93.187002
ADR8120 - IA 122 WB @ MM 8.95,43.148094,-93.187059
ADR8160 - US 34 EB @ MM 260.35,40.816312,-91.157023
ADR8160 - US 34 WB @ MM 260.35,40.816639,-91.15721
ADR8200 - IA 17 NB @ MM 70.65,42.675132,-93.905728
ADR8200 - IA 17 SB @ MM 70.65,42.675128,-93.905955
ADR8260 - US 65 NB @ MM 86.50,41.68421,-93.466152
ADR8260 - US 65 SB @ MM 86.50,41.684453,-93.466589
ADR8300 - IA 23 NB @ MM 15.10,41.284052,-92.623716
ADR8300 - IA 23 SB @ MM 15.10,41.284061,-92.623957
ADR2810 - US 151 NB @ MM 60.55,42.181987,-91.222841
ADR2810 - US 151 SB @ MM 60.55,42.182192,-91.223349
ADR8280 - IA 150 NB @ MM 54.95,42.66042,-91.910186
ADR8280 - IA 150 SB @ MM 54.95,42.660421,-91.910415
IWZ2992 - I-80 WB Off Ramp @ MM ,41.54916,-93.950126
IWZ3085 - I-80 WB @ MM 113.05,41.54719,-93.95754
IWZ3085 - I-80 EB @ MM 113.05,41.546807,-93.957329
IWZ3085 - I-80 EB Off Ramp @ MM ,41.546507,-93.957157
IWZ2999 - US 218 NB Off Ramp @ M,42.495038,-92.344178
IWZ3553 - US 218 NB Off Ramp @ M,42.497622,-92.353178
IWZ3083 - IA 9 WB @ MM 260.65,43.290593,-91.76271
IWZ3083 - IA 9 EB @ MM 260.65,43.290403,-91.762767
IWZ3053 - US 218 NB Off Ramp @ M,42.501885,-92.364307
IWZ3556 - IA 9 EB @ MM 261.3,43.286917,-91.751235
IWZ3556 - IA 9 WB @ MM 261.3,43.287098,-91.751122
IWZ3554 - I-35 SB @ MM 44.15,41.181242,-93.784098
IWZ3554 - I-35 NB @ MM 44.15,41.181246,-93.783762
IWZ0629 - I-35 NB @ MM 43.25,41.167597,-93.783974
IWZ0629 - I-35 SB @ MM 43.25,41.167596,-93.784319
IWZ3084 - I-35 SB @ MM 56.85,41.363945,-93.780519
IWZ3084 - I-35 NB @ MM 56.85,41.363954,-93.779851
IWZ3534 - I-35 SB @ MM 58.10,41.384078,-93.781018
IWZ3534 - I-35 NB @ MM 58.10,41.384069,-93.780609
IWZ3073 - I-35 SB @ MM 59,41.395336,-93.780704
IWZ3073 - I-35 NB @ MM 59,41.395328,-93.780296
IWZ3527 - I-35 SB @ MM 54.10,41.324137,-93.780394
IWZ3527 - I-35 NB @ MM 54.10,41.324123,-93.780025
IWZ3555 - I-35 SB @ MM 54.65,41.331855,-93.780078
IWZ3555 - I-35 NB @ MM 54.65,41.331842,-93.779681
IWZ2989 - I-35 NB @ MM 90.45,41.700044,-93.575865
IWZ2989 - I-35 SB @ MM 90.45,41.700044,-93.576368
IWZ2989 - I-35 NB Off Ramp @ MM ,41.700044,-93.575588
IWZ2989 - I-35 SB On Ramp @ MM 9,41.700044,-93.576557
IWZ3063 - I-35 SB @ MM 55.65,41.346682,-93.779472
IWZ3063 - I-35 NB @ MM 55.65,41.346674,-93.779062
IWZ3093 - I-35 SB @ MM 110.05,41.983058,-93.570921
IWZ3093 - I-35 NB @ MM 110.05,41.983066,-93.570941
IWZ3520 - I-35 NB @ MM 60.1,41.411319,-93.779701
IWZ3520 - I-35 SB @ MM 60.1,41.411309,-93.780102
IWZ3528 - I-35 SB @ MM 110.5,41.989496,-93.571122
IWZ3528 - I-35 NB @ MM 110.5,41.989496,-93.57072
IWZ3085 - I-80 WB On Ramp @ MM 1,41.547349,-93.957623
IWZ3542 - US 61 SB @ MM 80.9,41.350401,-91.158659
IWZ3542 - US 61 NB @ MM 80.9,41.350224,-91.158266
IWZ3080 - US 61 SB @ MM 79.7,41.348129,-91.179312
IWZ3080 - US 61 NB @ MM 79.7,41.347823,-91.179546
IWZ3551 - US 61 SB @ MM 79.2,41.346544,-91.188111
IWZ3551 - US 61 NB @ MM 79.2,41.346293,-91.187766
IWZ3076 - US 61 NB @ MM 71,41.23225,-91.196338
IWZ3076 - US 61 SB @ MM 71,41.232258,-91.196695
IWZ3068 - US 61 NB @ MM 72.2,41.249367,-91.196899
IWZ3068 - US 61 SB @ MM 72.2,41.249367,-91.197156
IWZ3079 - I-380 SB @ MM 9.05,41.823129,-91.657029
IWZ3079 - I-380 NB @ MM 9.05,41.823259,-91.656581
IWZ3077 - I-380 SB @ MM 10.1,41.837212,-91.664073
IWZ3077 - I-380 NB @ MM 10.1,41.837292,-91.663619
IWZ3518 - I-35 NB @ MM 118.3,0.0,0.0
IWZ3518 - I-35 SB @ MM 118.3,42.101515,0.0
IWZ3062 - I-35 NB @ MM 118.7,0.0,0.0
IWZ3062 - I-35 SB @ MM 118.7,0.0,0.0
IWZ3075 - I-35 NB @ MM 120,42.124836,0.0
IWZ3075 - I-35 SB @ MM 120,0.0,0.0
IWZ3069 - I-35 SB @ MM 121.1,0.0,0.0
IWZ3069 - I-35 NB @ MM 121.1,42.139914,0.0
IWZ3091 - I-35 SB @ MM 121.95,0.0,0.0
IWZ3091 - I-35 NB @ MM 121.95,42.150365,0.0
IWZ2990 - I-35 SB @ MM 122.95,42.164477,0.0
IWZ2990 - I-35 NB @ MM 122.95,42.164496,0.0
IWZ3092 - US 75 SB @ MM 116.5,42.770225,-96.209411
IWZ3092 - US 75 NB @ MM 116.5,42.770222,-96.209044
IWZ3060 - US 75 SB @ MM 114.85,42.746682,-96.212997
IWZ3060 - US 75 NB @ MM 114.85,42.746591,-96.212573
IWZ0216 - US 75 SB @ MM 113.45,42.731053,-96.230165
IWZ0216 - US 75 NB @ MM 113.45,42.730874,-96.229893
IWZ0256 - US 61 NB @ MM 46.7,42.496367,-90.6631
IWZ0256 - US 61 SB @ MM 46.7,42.496366,-90.663231
IWZ0256 - US 61 NB Off Ramp @ MM,42.496353,-90.662932
IWZ0256 - US 61 SB On Ramp @ MM ,42.496355,-90.663339
IWZ2005 - I-80 WB @ MM 27.95,41.498986,-95.573695
IWZ2005 - I-80 EB @ MM 27.95,41.498646,-95.573678
IWZ2987 - I-680 EB @ MM 18.35,41.497119,-95.798889
IWZ2987 - I-680 WB @ MM 18.35,41.49739,-95.798997
IWZ2987 - I-680 WB On Ramp @ MM ,41.497502,-95.799034
IWZ2995 - I-680 WB @ MM 20.10,41.499041,-95.765955
IWZ2995 - I-680 EB @ MM 20.10,41.498744,-95.765942
IWZ3078 - I-680 WB @ MM 25.45,41.498362,-95.663269
IWZ3078 - I-680 EB @ MM 25.45,41.498078,-95.663245
IWZ3545 - I-680 WB @ MM 28.45,41.49903,-95.605713
IWZ3545 - I-680 EB @ MM 28.45,41.498738,-95.605692
IWZ3088 - I-80 EB @ MM 294.8,41.598306,-90.584465
IWZ3088 - I-80 WB @ MM 294.8,41.59865,-90.584391
IWZ3544 - I-80 EB @ MM 296.55,41.594762,-90.552166
IWZ3544 - I-80 WB @ MM 296.55,41.595132,-90.552229
IWZ3082 - I-80 EB @ MM 297.45,41.595952,-90.53336
IWZ3082 - I-80 WB @ MM 297.45,41.59629,-90.533354
IWZ3087 - I-80 EB @ MM 298.65,41.596127,-90.51044
IWZ3087 - I-80 WB @ MM 298.65,41.596478,-90.510455
IWZ3541 - I-80 EB @ MM 299.7,41.596336,-90.490876
IWZ3541 - I-80 WB @ MM 299.7,41.596693,-90.490881
IWZ3309 - US 61 SB @ MM 123.25,41.599283,-90.569177
IWZ3309 - US 61 NB @ MM 123.25,41.599175,-90.568729
IWZ3066 - I-80/29 WB @ MM 2.35,41.232638,-95.865707
IWZ3066 - I-80/29 EB @ MM 2.35,41.232027,-95.86567
IWZ3090 - I-29 NB @ MM 47.9,41.220321,-95.831402
IWZ3090 - I-29 SB @ MM 47.9,41.219953,-95.831879
IWZ3090 - I-29 SB Off Ramp @ MM ,41.219774,-95.832089
IWZ3549 - US 75 SB @ MM 104.2,42.609536,-96.297735
IWZ3549 - US 75 NB @ MM 104.2,42.60943,-96.297284
I-80 WB Wapsi to Hoover,41.66784,-91.424505
I-80 EB Hoover to Wapsi,41.66784,-91.424505
I-80 WB Hoover to Lynden Hgts,41.67538,-91.456516
I-80 EB Lynden Hgts to Hoover,41.67538,-91.456516
I-80 WB Lynden Hgts to Prairie d,41.686646,-91.504828
I-80 EB Praire du Chen to Lynden,41.686646,-91.504828
I-80 WB Prairie du Chen to River,41.685771,-91.544856
I-80 EB River to Prairie du Chen,41.685771,-91.544856
I-80 WB River to 127th,41.685875,-91.568961
I-80 EB 127th to River,41.685875,-91.568961
I-80 WB 127th to East of Coral R,41.693871,-91.601205
I-80 EB East of Coral Ridge to 1,41.693697,-91.601237
I-80 WB Coral Ridge Int.,41.694098,-91.60932
I-80 EB Coral Ridge Int.,41.693918,-91.60935
I-80 WB West of Coral Ridge to 2,41.694234,-91.615952
I-80 EB 2nd to West of Coral Rid,41.694057,-91.615951
I-80 WB 2nd to I-380,41.694551,-91.63035
I-80 EB I-380 to 2nd,41.694551,-91.63035
I-80 WB I-380 to West of Jasper,41.69606,-91.645721
I-80 EB West of Jasper to I-380,41.69209,-91.646288
I-80 WB West of Jasper to West o,41.695297,-91.668254
I-80 EB West of Ireland to West ,41.693767,-91.666981
I-80 WB West of Ireland to Half ,41.695865,-91.68579
I-80 EB Half Moon to West of Ire,41.692579,-91.685994
US 218 NB Iowa 1 to Rohret,41.636508,-91.569755
US 218 SB Rohret to Iowa 1,41.636508,-91.569755
US 218 NB Rohret to North of Mel,41.660102,-91.601668
US 218 SB North of Melrose to Ro,41.660102,-91.601668
US 218 NB North of Melrose to 35,41.670911,-91.616831
US 218 SB 355th St to North of M,41.670911,-91.616831
US 218 NB 355th St. to I-80,41.693086,-91.637221
US 218 SB I-80 to 355th St.,41.693086,-91.637221
I-380 NB I-80 to North of US 6,41.695712,-91.637714
I-380 SB North of US 6 to I-80,41.694875,-91.638964
I-380 NB North of US 6 to 270th ,41.723393,-91.642592
I-380 SB 270th St. to North of U,41.723393,-91.642592
I-380 NB 270th St. to North of P,41.748819,-91.639173
I-380 SB North of Penn to 270th ,41.748197,-91.645074
I-380 NB North of Penn to North ,41.77577,-91.642756
I-380 SB North of Swan Lake to N,41.775599,-91.649516
I-380 NB North of Swan Lake to N,41.801133,-91.642928
I-380 SB North of River to North,41.800661,-91.649902
I-380 NB North of River to 140th,41.82523,-91.653507
I-380 SB 140th St. to North of R,41.824436,-91.661339
I-380 NB 140th St. to North of 1,41.847836,-91.667952
I-380 SB North of 120th St. to 1,41.849649,-91.671274
I-380 NB North of 120th St. to S,0.0,0.0
I-380 SB  South of Wright Brothe,41.867768,-91.669122
I-380 NB South of Wright Brother,0.0,0.0
I-380 SB South of 76th Ave. to S,0.0,0.0
I-380 NB South of 76th Ave. to 6,0.0,0.0
I-380 SB 66th Ave. to South of 7,0.0,0.0
I-380 NB 66th Ave. to US 30,0.0,0.0
I-380 SB US 30 to 66th Ave.,41.926596,-91.670281
I-380 WLDS-14 SB,42.428025,-92.186833
I-380 WLDS-15 SB,42.413579,-92.172387
I-380 WLDS-12 SB,42.449004,-92.1997
I-380 to US-20 WLDS-12 SB,42.449004,-92.1997
I-380 WLDS-11 SB,42.449098,-92.219682
I-380 WLDS-10 SB,42.451236,-92.23674
I-380 WLDS-09 SB,42.45784,-92.253687
I-380 WLDS-08 SB,42.460691,-92.279849
I-380 WLDS-07 SB,42.459143,-92.297617
US-20 WLDS-06 EB,42.455283,-92.309293
I-380 WLDS-05 SB,42.455696,-92.314291
US-20 WLDS-04 EB,42.453902,-92.31257
US-20 WLDS-03 EB,42.452463,-92.336851
US-20 WLDS-02 EB,42.453521,-92.346572
US-20 WLDS-01 EB,42.4532,-92.376347
US-20 WLDS-01 WB,42.4532,-92.376347
US-20 WLDS-02 WB,42.453521,-92.346572
US-20 WLDS-03 WB,42.452463,-92.336851
US-20 WLDS-04 WB,42.453902,-92.31257
US-20 WLDS-06 WB,42.455283,-92.309293
I-380 WLDS-07 NB,42.459143,-92.297617
I-380 WLDS-08 NB,42.460691,-92.279849
I-380 WLDS-09 NB,42.45784,-92.253687
I-380 WLDS-10 NB,42.451236,-92.23674
I-380 WLDS-11 NB,42.449098,-92.219682
I-380 WLDS-13 NB,42.449564,-92.199668
US-20 to I-380 WLDS-13 NB,42.449564,-92.199668
I-380 WLDS-14 NB,42.428141,-92.186138
I-380 WLDS-15 NB,42.413706,-92.172959
I-80 OXDS01 WB,41.687353,-91.852756
I-80 OXDS02 WB,41.687872,-91.805052
I-80 OXDS03 WB,41.692022,-91.754998
I-80 OXDS03 EB,41.691805,-91.755002
I-80 OXDS02 EB,41.687672,-91.805111
I-80 OXDS01 EB,41.687148,-91.852794
I-380 WLDS-17 NB,42.468998,-92.318583
I-380 WLDS-17 SB,42.468905,-92.318853
I-380 WLDS-18 NB,42.473749,-92.321878
I-380 WLDS-18 SB,42.473742,-92.322167
I-380 WLDS-16 NB,42.46085,-92.314013
I-380 WLDS-16 SB,42.460812,-92.31427
I-380 WLDS-16 SB Ramp,42.460806,-92.314385
I-380 IWZ 4019 SB,42.487008,-92.333809
I-380 IWZ 4018 SB,42.482935,-92.327182
I-380 IWZ 4046 SB,42.479836,-92.322725
I-380 IWZ 4011 WB,42.457339,-92.302887
I-380 IWZ 4045 NB,42.455748,-92.310065
I-380 IWZ 4032 NB,42.458717,-92.313438
US 218 IWZ 4044 NB,42.446444,-92.30413
US 218 IWZ 4044 SB,42.446329,-92.304299
US 218 IWZ 4023 NB,42.449799,-92.308335
US 218 IWZ 4023 SB,42.44965,-92.308474
US 20 IWZ 4025 WB,42.452748,-92.323482
US 20 IWZ 4025 EB,42.452515,-92.323391
I-80 IWZ 4017 WB,41.685635,-91.552946
I-80 IWZ 4017 EB,41.68542,-91.552942
I-80 IWZ 4008 WB,41.685641,-91.560471
I-80 IWZ 4008 EB,41.685466,-91.56048
I-80 IWZ 4013 EB,41.687449,-91.576059
I-80 IWZ 4013 WB,41.687594,-91.575983
US 20 IWZ 3073 EB,42.453312,0.0
US 20 IWZ 3073 WB,0.0,0.0
US 20 IWZ 3093 EB,42.452491,0.0
US 20 IWZ 3093 WB,42.452731,0.0
I-380 IWZ 216 SB,0.0,0.0
I-380 IWZ 216 NB,0.0,0.0
I-80 EB Coral Ridge Int. On Ramp,41.693819,-91.609343
I-80 EB East of Coral Ridge to 1,41.693633,-91.601226
I-80 WB 127th to East of Coral R,41.693937,-91.601199
I-80 EB 2nd to West of Coral Rid,41.693976,-91.615947
I-80 WB West of Coral Ridge to 2,41.694312,-91.615969
IWZ2005 - I-380 NB @ MM 6.82,41.792083,0.0
IWZ2005 - I-380 SB @ MM 6.82,41.792079,-91.647208
IWZ 3062 NB,41.811168,-91.649686
IWZ 3062 SB,41.81098,-91.65034
I-80 WB Coral Ridge Int. On Ramp,41.694267,-91.609305
CBDS 22 EB,41.246633,-95.81485
CBDS 23 EB,41.260667,-95.803567
CBDS 24 EB,41.268267,-95.794767
CBDS 25 EB,41.283183,-95.782867
CBDS 37 NB,41.2654,-95.9078
CBDS 40 NB,41.269917,-95.9056
CBDS 41 NB,41.272522,-95.898327
CBDS 42 NB,41.275017,-95.885933
CBDS 43 NB,41.275324,-95.878009
CBDS 34 SB,41.256993,-95.906981
CBDS 22 WB,41.246633,-95.81485
CBDS 23 WB,41.260667,-95.803567
CBDS 24 WB,41.268267,-95.794767
CBDS 25 WB,41.283183,-95.782867
CBDS 38 SB,41.26723,-95.90892
CBDS 40 SB,41.269917,-95.9056
CBDS 41 SB,41.272706,-95.898456
CBDS 42 SB,41.274933,-95.885903
CBDS 43 SB,41.275511,-95.87814
CBDS 34 NB,41.256997,-95.906761
CBDS 44 NB,41.285699,-95.867117
CBDS 45 SB,41.28738,-95.867724
CBDS 46 NB,41.321454,-95.880883
CBDS 46 SB,41.321208,-95.881695
CBDS 47 NB,41.34401,-95.892284
CBDS 47 SB,41.343798,-95.893051
CBDS 48 NB,41.350867,-95.897617
CBDS 48 SB,41.350867,-95.897617
CBDS 49 NB,41.354083,-95.900767
CBDS 49 SB,41.354083,-95.900767
CBDS50 - I-29 NB @ Old Mormon Br,41.359451,-95.901114
CBDS50 - I-29 SB @ I-680 WB Off ,41.359482,-95.901399
CBDS 51 EB,41.352241,-95.90615
CBDS 51 WB,41.352999,-95.906602
CBDS 21 WB,41.238644,-95.825206
CBDS 21 EB,41.238644,-95.825206
CBDS 20 WB,41.232918,-95.828351
CBDS 20 EB,41.232918,-95.828351
CBDS 32 NB,41.246867,-95.907133
CBDS 32 SB,41.246867,-95.907133
CBDS 33 NB,41.251646,-95.907133
CBDS 33 SB,41.25165,-95.906736
CBDS 31 NB,41.242883,-95.905083
CBDS 31 SB,41.242883,-95.905083
CBDS 36 WB,41.261633,-95.913517
CBDS 36 EB,41.261633,-95.913517
CBDS 36 EB Ramp to I-29 SB,41.261633,-95.913517
CBDS 39 EB,41.2602,-95.917583
CBDS 39 WB,41.2602,-95.917583
CBDS 07 I-80 WB,41.233633,-95.89365
CBDS 02 EB Ramp to I-29 NB,0.0,0.0
CBDS 01 I-80 EB,41.231767,-95.90705
CBDS 01 I-80 WB,41.231767,-95.90705
CBDS 27 NB,41.189347,-95.823414
CBDS 27 SB,41.189352,-95.823671
CBDS 52 NB,41.174476,-95.823473
CBDS 52 SB,41.174476,-95.823747
CBDS 26 NB,41.149317,-95.822583
CBDS 26 SB,41.149317,-95.822583
CBDS 29 NB,41.217117,-95.829467
CBDS 29 SB,41.217117,-95.829467
CBDS 28 NB,41.206833,-95.823206
CBDS 28 SB,41.206867,-95.82355
CBDS 19 NB to I-80 EB,41.225972,-95.836517
CBDS 18 SB On from I-80 WB,41.224078,0.0
CBDS 30 NB,41.220961,-95.832324
CBDS 30 SB,41.220338,-95.833204
CBDS 12 EB,41.232035,-95.857188
CBDS 12 WB,41.232229,-95.857191
CBDS 17 WB,0.0,0.0
CBDS 16 EB Thru to I-80 EB,41.2305,-95.843583
CBDS 10 EB,41.232,-95.865433
CBDS 10 WB,41.232,-95.865433
CBDS 14 WB,41.232199,-95.851933
CBDS 14 EB,41.232003,-95.851933
CBDS 05 I-29 NB,41.236933,-95.8982
CBDS 04 SB Ramp to I-80 WB,41.237767,-95.90085
CBDS 04 SB Ramp to I-80 EB,41.237767,-95.90085
CBDS 06 EB Ramp from I-29 SB,41.232692,-95.892776
CBDS 07 I-80 WB Ramp to I-29 NB,41.233633,-95.89365
CBDS 18 SB from I-80 EB,41.223869,0.0
CBDS 19 NB to I-80 WB,41.225953,-95.836588
CBDS 35 SB ramp from I-480 EB,41.258902,-95.908227
CBDS 36 WB Ramp from I-29 SB,41.261633,-95.913517
CBDS 37 NB Ramp from I-480,41.2654,-95.9078
CBDS 51 EB Off Ramp to I-29 SB,41.352027,-95.90615
CBDS 35 SB,41.25894,-95.907823
CBDS 16 EB Thru to I-29 SB,41.2305,-95.843583
CBDS 17 WB from I-29 NB,0.0,0.0
CBDS 01 I-80 EB to I-29 NB,41.231767,-95.90705
CBDS 29 US 275 to I-29 SB,41.217114,-95.829406
CBDS 30 I-29 SB to US 275,41.220389,-95.832791
I-29 SB to Nebraska Ave,41.246787,-95.907056
Nebraska Ave to I-29 NB,41.2468,-95.906522
9th Ave to I-29 SB,41.251616,-95.907027
I-29 NB to 9th Ave,41.251606,-95.906568
I-29 NB to US 275 EB,41.217377,-95.829104
CBDS 12 EB Exit Ramp,41.231956,-95.85719
CBDS 14 EB On Ramp,41.231916,-95.851933
CBDS 14 WB Off Ramp,41.232275,-95.851933
CBDS 21 EB On Ramp,41.238644,-95.825206
CBDS 21 WB,41.238644,-95.825206
IWZ3090 - I-29 SB @ IA 92,1.219974,-95.831935
IWZ 4012 SB Ramp,41.218879,-95.831933
I-80 IWZ 4071 WB,41.498047,0.0
I-80 IWZ 4071 EB,41.498047,0.0
CBDS 48 SB OR,41.350867,-95.897617
CBDS 48 NB OR,41.350867,-95.897617
IWZ3090 - I-29 NB @ IA 92,41.22029,-95.831491
CBDS 08 EB_2,41.231883,-95.89085
I-80 CBDS 55 WB On Ramp from S 2,41.23259,-95.883097
I-80 CBDS 55 WB,41.232467,-95.883072
I-80 CBDS 55 EB,41.23225,-95.883063
I-80 CBDS 56 EB On Ramp from S 2,41.232041,-95.875012
I-80 CBDS 56 EB,41.232142,-95.875
I-80 CBDS 57 EB Off Ramp to S Ex,41.231559,-95.854738
I-80 CBDS 58 WB,41.232564,-95.874076
I-80 CBDS 58 EB,41.232129,-95.874082
CBDS-59-WB,41.232381,-95.858761
CBDS-59-WBR,41.232381,-95.858761
CBDS 60 SB,41.22726,-95.83807
I-80 CBDS 55 WB Off Ramp to S 24,41.233134,-95.874168
CBDS 17 I-80 WB,41.231984,-95.845409
CBDS 17 I-80 EB,41.231598,0.0
CBDS 17 I-29 NB,41.231918,-95.845434
CBDS 17 I-29 SB,41.231526,0.0
CBDS 43 NB On Ramp              ,41.275258,-95.877954
CBDS 43 SB Off Ramp             ,41.275566,-95.878208
IWZ3060 - IA 92 WB @ Valley View,0.0,-95.820085
IWZ3060 - IA 92 EB @ Valley View,41.228376,0.0
CBDS 45 SB Off Ramp             ,41.287359,-95.867196
CBDS 61 I-80 WB,41.2334,-95.891009
CBDS 61 I-80 EB,41.232289,-95.890984
CBDS 35 NB                      ,41.258986,-95.906515
CBDS 38 SB Off Ramp,41.267345,-95.90893
CBDS 51 WB On Ramp from I-29 SB,41.353505,-95.906901
CBDS50 - I-29 NB On Ramp @ Old M,41.359434,-95.900914
CBDS50 - I-29 SB Off Ramp @ I-68,41.359516,-95.901652
CBDS71 - I-80 EB Off Ramp @ I-29,41.23269,-95.896112
CBDS 49 NB On Ramp              ,41.354317,-95.899801
CBDS 49 SB Off Ramp             ,41.354021,-95.900752
IWZ3090 - I-29 SB Off Ramp @ IA ,41.219689,-95.832423
CBDS 18 SB Off from I-80 EB,41.223646,0.0
CBDS31 - I-29 SB On Ramp @ Nebra,41.242298,-95.905556
CBDS31 - I-29 NB Off Ramp @ Nebr,41.242664,-95.90477
I-380 CRDS01 NB,41.867673,-91.669342
I-380 CRDS01 SB,41.867653,-91.669658
I-380 CRDS02 SB,41.89072,-91.671081
I-380 CRDS02 NB,41.890728,-91.670766
I-380 CRDS03 NB,41.905189,-91.671929
I-380 CRDS03 SB,41.905199,-91.672246
I-380 CRDS04 NB,41.922373,-91.670288
I-380 CRDS04 SB,41.922383,-91.670594
I-380 CRDS04 NB Ramp,41.922375,-91.670216
I-380 CRDS05 NB,41.926586,-91.669819
I-380 CRDS05 SB,41.926575,-91.67013
I-380 CRDS06 NB,41.93013,-91.669431
I-380 CRDS06 SB,41.930131,-91.66975
I-380 CRDS07 Ramp RL,41.932271,-91.670163
I-380 CRDS08 NB,41.935362,-91.668843
I-380 CRDS08 SB,41.935381,-91.669173
I-380 CRDS08 SB Ramp,41.935381,-91.66924
I-380 CRDS09 NB,41.942217,-91.669755
I-380 CRDS09 SB,41.942193,-91.670105
I-380 CRDS09 NB Ramp,41.942236,-91.669612
I-380 CRDS09 SB Ramp,41.94219,-91.67021
I-380 CRDS10 NB,41.948064,-91.670818
I-380 CRDS10 SB,41.948069,-91.671123
I-380 CRDS10 NB Ramp,41.948066,-91.670692
I-380 CRDS10 SB Ramp,41.948059,-91.671298
I-380 CRDS11 NB,41.953294,-91.670765
I-380 CRDS11 SB,41.953292,-91.671052
I-380 CRDS11 NB Ramp,41.953284,-91.670592
I-380 CRDS11 SB Ramp,41.953286,-91.671161
I-380 CRDS12 NB,41.960379,-91.670648
I-380 CRDS12 SB,41.960373,-91.670933
I-380 CRDS12 NB Ramp,41.960375,-91.670556
I-380 CRDS12 SB Ramp,41.96038,-91.671042
I-380 CRDS13 NB,41.966772,-91.670723
I-380 CRDS13 SB,41.966747,-91.671007
I-380 CRDS14 NB,41.972601,-91.674595
I-380 CRDS14 SB,41.972492,-91.674847
I-380 CRDS15 NB,41.975663,-91.67615
I-380 CRDS15 NB Ramp,41.975661,-91.676031
I-380 CRDS16 SB,41.976563,-91.676219
I-380 CRDS17 NB Ramp,41.97647,-91.675759
I-380 CRDS19 SB,41.979603,-91.670875
I-380 CRDS19 NB,41.979136,-91.671727
I-380 CRDS20 NB,41.981681,-91.66689
I-380 CRDS20 SB,41.981811,-91.667117
I-380 CRDS20 NB Ramp,41.981645,-91.666797
I-380 CRDS20 SB Ramp,41.98188,-91.66715
I-380 CRDS22 SB,41.986623,-91.661692
I-380 CRDS21 NB,41.986685,-91.66519
I-380 CRDS23 NB,41.993701,-91.66519
I-380 CRDS23 SB,41.993598,-91.665436
I-380 CRDS23 NB Ramp,41.993781,-91.665023
I-380 CRDS24 NB,41.998824,-91.666716
I-380 CRDS24 SB,41.998824,-91.667011
I-380 CRDS24 NB Ramp,41.998826,-91.666621
I-380 CRDS24 SB Ramp,41.998824,-91.667166
I-380 CRDS25 NB,42.004191,-91.666188
I-380 CRDS25 SB,42.004206,-91.666614
I-380 CRDS25 NB Ramp,42.004209,-91.666001
I-380 CRDS25 SB Ramp,42.004209,-91.666724
I-380 CRDS26 NB,42.006613,-91.665963
I-380 CRDS27 SB,42.006626,-91.666428
I-380 CRDS28 NB,42.014118,-91.666718
I-380 CRDS28 SB,42.014114,-91.667003
I-380 CRDS28 NB Ramp,42.01412,-91.666622
I-380 CRDS28 SB Ramp,42.014112,-91.667267
I-380 CRDS29 NB,42.01806,-91.666734
I-380 CRDS29 SB,42.018039,-91.667018
I-380 CRDS29 NB Ramp,42.018072,-91.666559
I-380 CRDS29 SB Ramp,42.018048,-91.667125
I-380 CRDS30 NB,42.024118,-91.670105
I-380 CRDS30 SB,42.024028,-91.670353
I-380 CRDS30 NB Ramp,42.024192,-91.669814
I-380 CRDS30 SB Ramp,42.023983,-91.670474
I-380 CRDS31 NB,42.027553,-91.672354
I-380 CRDS31 SB,42.027481,-91.672605
I-380 CRDS32 NB,42.029579,-91.67363
I-380 CRDS32 SB,42.029536,-91.673852
I-380 CRDS32 NB Ramp,42.029634,-91.673503
I-380 CRDS32 SB Ramp,42.029515,-91.673942
I-380 CRDS33 NB,42.037707,-91.676779
I-380 CRDS33 SB,42.0377,-91.677013
I-380 CRDS33 NB Ramp,42.037738,-91.676709
I-380 CRDS33 SB Ramp,42.037687,-91.677143
I-380 CRDS34 NB,42.042485,-91.679571
I-380 CRDS34 SB,42.04237,-91.679754
I-380 CRDS34 NB Ramp,42.04255,-91.679459
I-380 CRDS34 SB Ramp,42.042337,-91.679799
I-380 CRDS35 NB,42.058904,-91.699751
I-380 CRDS35 SB,42.0589,-91.700074
I-380 CRDS36 NB,42.09229,-91.70138
I-380 CRDS36 SB,42.092269,-91.701698
US 30 CRDS38 EB T,41.957825,-91.774875
US 30 CRDS38 WB T,41.958151,-91.774876
US 30 CRDS39 EB,41.949083,-91.755472
US 30 CRDS39 WB,41.949325,-91.755446
US 30 CRDS40 EB,41.946667,-91.746536
US 30 CRDS40 WB,41.946893,-91.746423
US 30 CRDS40 EB Ramp,41.946574,-91.746626
US 30 CRDS41 EB,41.939746,-91.721239
US 30 CRDS41 WB,41.939963,-91.721131
US 30 CRDS41 EB Ramp,41.939642,-91.72133
US 30 CRDS41 WB Ramp,41.940021,-91.720989
US 30 CRDS42 EB,41.935899,-91.706343
US 30 CRDS42 WB,41.936122,-91.7062
US 30 CRDS43 EB,41.929842,-91.683792
US 30 CRDS43 WB,41.930044,-91.683606
US 30 CRDS44 EB,41.927281,-91.677703
US 30 CRDS44 WB,41.927507,-91.677595
US 30 CRDS44 EB Ramp,41.927227,-91.677731
US 30 CRDS44 WB Ramp,41.927584,-91.677546
US 30 CRDS45 EB,41.926928,-91.67479
US 30 CRDS45 WB,41.92717,-91.674794
US 30 CRDS45 EB Ramp,41.926866,-91.674787
US 30 CRDS46 EB,41.926864,-91.670432
US 30 CRDS46 WB,41.927099,-91.670443
US 30 CRDS46 EB Ramp,41.926813,-91.67044
US 30 CRDS46 WB Ramp,41.927173,-91.67044
US 30 CRDS47 EB,41.926772,-91.665334
US 30 CRDS47 WB,41.927014,-91.665315
US 30 CRDS47 EB Ramp,41.926689,-91.665348
US 30 CRDS48 EB,41.926708,-91.656557
US 30 CRDS48 WB,41.92695,-91.656554
US 30 CRDS48 EB Ramp,41.926625,-91.656548
US 30 CRDS48 WB Ramp,41.926997,-91.656557
US 30 CRDS49 EB,41.926637,-91.648902
US 30 CRDS49 WB,41.926914,-91.648884
US 30 CRDS49 EB Ramp,41.926592,-91.648893
US 30 CRDS50 EB,41.926576,-91.644693
US 30 CRDS50 WB,41.926877,-91.644686
US 30 CRDS50 EB Ramp,41.926513,-91.644686
US 30 CRDS50 WB Ramp,41.92693,-91.644695
US 30 CRDS51 EB,41.926466,-91.637134
US 30 CRDS51 WB,41.926756,-91.637137
US 30 CRDS51 EB Ramp,41.92638,-91.637126
US 30 CRDS51 WB Ramp,41.92681,-91.637146
US 30 CRDS52 EB,41.926163,-91.617897
US 30 CRDS52 WB,41.926441,-91.617906
US 30 CRDS53 EB,41.925896,-91.603819
US 30 CRDS53 WB,41.926172,-91.603816
US 30 CRDS54 EB,41.924999,-91.570164
US 30 CRDS54 WB,41.925368,-91.570232
US 30 CRDS55 EB,41.926226,-91.539555
US 30 CRDS55 WB,41.926432,-91.539572
US 30 CRDS55 EB Ramp,41.926155,-91.539539
IA 13 CRDS56 NB,41.929653,-91.542673
IA 13 CRDS56 SB,41.929633,-91.542935
IA 13 CRDS56 NB Ramp,41.929664,-91.54259
IA 13 CRDS56 SB Ramp,41.929638,-91.543036
US 30 CRDS37 WB,41.962471,-91.782164
US 30 CRDS37 EB,41.962234,-91.782311
I-380 CRDS07 Ramp LL,41.93225,-91.6701
US 30 IWZ 4036 WB,41.932962,-91.693934
US 30 IWZ 4036 EB,41.932738,-91.694045
US 30 IWZ 4062 WB,41.937983,-91.713397
US 30 IWZ 4062 EB,41.937756,-91.713491
US 30 IWZ 4067 WB,41.951138,-91.762567
US 30 IWZ 4067 EB,41.950901,-91.762667
IWZ 629 WB,41.933039,-91.694129
IWZ 629 EB,41.932799,-91.694242
IWZ 3086 EB,41.944505,-91.73858
IWZ 3086 WB,41.944719,-91.738463
I-380 CRDS17 NB,41.976526,-91.675944
